user,platform,text,timestamp
user018,Twitter,The update is fine but not exciting.,2025-10-09T21:53:00
user024,Twitter,"I used the service once, average experience.",2025-10-23T09:43:00
user007,Reddit,"Terrible experience, very disappointed.",2025-10-20T14:08:00
user022,Twitter,"It was okay, nothing special.",2025-10-10T17:14:00
user012,Reddit,I love the new product update! Great job team.,2025-10-21T13:45:00
user007,Reddit,I love the new product update! Great job team.,2025-10-18T09:44:00
user011,Reddit,"So happy with the service, keep it up!",2025-10-15T16:38:00
user003,Twitter,"Amazing experience with the support today, very helpful!",2025-10-10T11:46:00
user016,Twitter,"It was okay, nothing special.",2025-10-04T09:16:00
user027,Twitter,"Really bad performance lately, fix it please.",2025-10-06T12:46:00
user001,Twitter,"Really bad performance lately, fix it please.",2025-10-11T23:08:00
user029,Twitter,"Not bad, could be improved in some areas.",2025-10-18T08:48:00
user008,Twitter,"Terrible experience, very disappointed.",2025-10-22T12:55:00
user012,Twitter,"Terrible experience, very disappointed.",2025-10-11T19:15:00
user001,Reddit,"Terrible experience, very disappointed.",2025-10-19T23:45:00
user020,Twitter,"Standard features, meets expectations.",2025-10-10T08:28:00
user027,Twitter,"Not bad, could be improved in some areas.",2025-10-01T10:36:00
user001,Reddit,This broke my workflow — awful update.,2025-10-08T14:17:00
user018,Reddit,"Really bad performance lately, fix it please.",2025-10-10T13:50:00
user008,Twitter,Fantastic quality and fast delivery — impressed.,2025-10-12T08:31:00
user005,Reddit,The update is fine but not exciting.,2025-10-24T21:17:00
user029,Twitter,I love the new product update! Great job team.,2025-10-05T20:28:00
user016,Reddit,"It was okay, nothing special.",2025-10-18T22:03:00
user012,Twitter,"Not bad, could be improved in some areas.",2025-10-13T23:33:00
user025,Reddit,"I used the service once, average experience.",2025-10-10T08:58:00
user015,Twitter,"I used the service once, average experience.",2025-10-08T14:50:00
user015,Reddit,The update is fine but not exciting.,2025-10-13T12:40:00
user027,Twitter,"So happy with the service, keep it up!",2025-10-24T19:50:00
user022,Reddit,"This feature is a game changer, totally recommend it.",2025-10-03T09:46:00
user020,Reddit,Extremely unhappy with the purchase.,2025-10-06T21:47:00
user024,Twitter,Fantastic quality and fast delivery — impressed.,2025-10-06T13:12:00
user030,Reddit,The update is fine but not exciting.,2025-10-09T17:21:00
user009,Reddit,"Amazing experience with the support today, very helpful!",2025-10-02T11:42:00
user030,Reddit,"Standard features, meets expectations.",2025-10-23T18:30:00
user002,Reddit,"Terrible experience, very disappointed.",2025-10-19T20:56:00
user021,Twitter,"So happy with the service, keep it up!",2025-10-15T15:28:00
user002,Reddit,I love the new product update! Great job team.,2025-10-04T22:19:00
user020,Reddit,"It was okay, nothing special.",2025-10-20T13:38:00
user025,Twitter,"Really bad performance lately, fix it please.",2025-10-14T11:51:00
user002,Twitter,"Really bad performance lately, fix it please.",2025-10-02T19:12:00
user011,Reddit,"Really bad performance lately, fix it please.",2025-10-10T20:02:00
user012,Reddit,Extremely unhappy with the purchase.,2025-10-18T08:09:00
user012,Reddit,Extremely unhappy with the purchase.,2025-10-08T09:16:00
user028,Twitter,"Really bad performance lately, fix it please.",2025-10-01T21:22:00
user028,Twitter,"So happy with the service, keep it up!",2025-10-07T20:06:00
user004,Twitter,This broke my workflow — awful update.,2025-10-09T19:43:00
user008,Twitter,"Standard features, meets expectations.",2025-10-17T18:19:00
user003,Reddit,Extremely unhappy with the purchase.,2025-10-03T09:20:00
user017,Reddit,Extremely unhappy with the purchase.,2025-10-10T11:41:00
user028,Twitter,"This feature is a game changer, totally recommend it.",2025-10-22T11:21:00
user012,Twitter,"Not bad, could be improved in some areas.",2025-10-22T22:28:00
user007,Reddit,"Support was useless and slow, won't recommend.",2025-10-03T19:07:00
user024,Reddit,"This feature is a game changer, totally recommend it.",2025-10-12T20:33:00
user005,Twitter,I love the new product update! Great job team.,2025-10-07T09:10:00
user005,Reddit,"Amazing experience with the support today, very helpful!",2025-10-20T14:06:00
user028,Twitter,"Not bad, could be improved in some areas.",2025-10-17T10:18:00
user028,Reddit,"I used the service once, average experience.",2025-10-05T23:22:00
user029,Reddit,Extremely unhappy with the purchase.,2025-10-11T13:19:00
user007,Reddit,"Support was useless and slow, won't recommend.",2025-10-10T15:53:00
user025,Reddit,"Not bad, could be improved in some areas.",2025-10-16T14:16:00
user012,Reddit,"This feature is a game changer, totally recommend it.",2025-10-14T08:23:00
user001,Twitter,The update is fine but not exciting.,2025-10-20T19:03:00
user007,Reddit,"Support was useless and slow, won't recommend.",2025-10-20T11:22:00
user001,Reddit,"It was okay, nothing special.",2025-10-12T11:22:00
user019,Twitter,"I used the service once, average experience.",2025-10-05T11:28:00
user028,Twitter,"I used the service once, average experience.",2025-10-03T22:18:00
user030,Twitter,"Really bad performance lately, fix it please.",2025-10-20T14:25:00
user023,Twitter,This broke my workflow — awful update.,2025-10-02T22:29:00
user014,Reddit,This broke my workflow — awful update.,2025-10-03T12:06:00
user009,Twitter,"Really bad performance lately, fix it please.",2025-10-14T18:55:00
user023,Twitter,"Not bad, could be improved in some areas.",2025-10-03T17:42:00
user017,Reddit,"Support was useless and slow, won't recommend.",2025-10-09T19:00:00
user024,Twitter,"Amazing experience with the support today, very helpful!",2025-10-14T22:40:00
user019,Reddit,"Standard features, meets expectations.",2025-10-14T11:32:00
user018,Twitter,Extremely unhappy with the purchase.,2025-10-21T11:42:00
user010,Twitter,"Terrible experience, very disappointed.",2025-10-23T20:28:00
user026,Twitter,I love the new product update! Great job team.,2025-10-04T19:45:00
user008,Reddit,"I used the service once, average experience.",2025-10-23T20:38:00
user017,Reddit,Fantastic quality and fast delivery — impressed.,2025-10-08T13:01:00
user002,Twitter,This broke my workflow — awful update.,2025-10-18T23:00:00
user026,Reddit,"It was okay, nothing special.",2025-10-23T17:09:00
user018,Reddit,"Standard features, meets expectations.",2025-10-18T12:33:00
user013,Reddit,"This feature is a game changer, totally recommend it.",2025-10-18T13:01:00
user029,Reddit,Extremely unhappy with the purchase.,2025-10-01T15:27:00
user009,Reddit,I love the new product update! Great job team.,2025-10-20T12:40:00
user012,Reddit,"Terrible experience, very disappointed.",2025-10-18T15:28:00
user006,Reddit,This broke my workflow — awful update.,2025-10-22T23:48:00
user013,Reddit,This broke my workflow — awful update.,2025-10-01T16:37:00
user027,Twitter,"Standard features, meets expectations.",2025-10-22T12:31:00
user024,Twitter,This broke my workflow — awful update.,2025-10-04T15:23:00
user022,Reddit,"Not bad, could be improved in some areas.",2025-10-18T12:40:00
user020,Twitter,"Standard features, meets expectations.",2025-10-19T22:23:00
user025,Twitter,The update is fine but not exciting.,2025-10-20T11:01:00
user006,Twitter,"It was okay, nothing special.",2025-10-16T11:43:00
user030,Reddit,"I used the service once, average experience.",2025-10-13T15:51:00
user025,Twitter,"So happy with the service, keep it up!",2025-10-04T21:59:00
user018,Twitter,"Really bad performance lately, fix it please.",2025-10-03T15:20:00
user023,Reddit,I love the new product update! Great job team.,2025-10-24T14:26:00
user014,Twitter,"I used the service once, average experience.",2025-10-18T12:34:00
user030,Twitter,"So happy with the service, keep it up!",2025-10-09T12:57:00
